[
  { "name": "Afghanistan", "capital": "Kabul", "code": "AF" },
  { "name": "Albania", "capital": "Tirana", "code": "AL" },
  { "name": "Algeria", "capital": "Algiers", "code": "DZ" },
  { "name": "Andorra", "capital": "Andorra la Vella", "code": "AD" },
  { "name": "Angola", "capital": "Luanda", "code": "AO" },
  { "name": "Antigua and Barbuda", "capital": "Saint John's", "code": "AG" },
  { "name": "Argentina", "capital": "Buenos Aires", "code": "AR" },
  { "name": "Armenia", "capital": "Yerevan", "code": "AM" },
  { "name": "Australia", "capital": "Canberra", "code": "AU" },
  { "name": "Austria", "capital": "Vienna", "code": "AT" },
  { "name": "Azerbaijan", "capital": "Baku", "code": "AZ" },

  { "name": "Bahamas", "capital": "Nassau", "code": "BS" },
  { "name": "Bahrain", "capital": "Manama", "code": "BH" },
  { "name": "Bangladesh", "capital": "Dhaka", "code": "BD" },
  { "name": "Barbados", "capital": "Bridgetown", "code": "BB" },
  { "name": "Belarus", "capital": "Minsk", "code": "BY" },
  { "name": "Belgium", "capital": "Brussels", "code": "BE" },
  { "name": "Belize", "capital": "Belmopan", "code": "BZ" },
  { "name": "Benin", "capital": "Porto-Novo", "code": "BJ" },
  { "name": "Bhutan", "capital": "Thimphu", "code": "BT" },
  { "name": "Bolivia", "capital": "Sucre", "code": "BO" },
  { "name": "Bosnia and Herzegovina", "capital": "Sarajevo", "code": "BA" },
  { "name": "Botswana", "capital": "Gaborone", "code": "BW" },
  { "name": "Brazil", "capital": "Brasília", "code": "BR" },
  { "name": "Brunei", "capital": "Bandar Seri Begawan", "code": "BN" },
  { "name": "Bulgaria", "capital": "Sofia", "code": "BG" },
  { "name": "Burkina Faso", "capital": "Ouagadougou", "code": "BF" },
  { "name": "Burundi", "capital": "Gitega", "code": "BI" },

  { "name": "Cambodia", "capital": "Phnom Penh", "code": "KH" },
  { "name": "Cameroon", "capital": "Yaoundé", "code": "CM" },
  { "name": "Canada", "capital": "Ottawa", "code": "CA" },
  { "name": "Cape Verde", "capital": "Praia", "code": "CV" },
  { "name": "Central African Republic", "capital": "Bangui", "code": "CF" },
  { "name": "Chad", "capital": "N'Djamena", "code": "TD" },
  { "name": "Chile", "capital": "Santiago", "code": "CL" },
  { "name": "China", "capital": "Beijing", "code": "CN" },
  { "name": "Colombia", "capital": "Bogotá", "code": "CO" },
  { "name": "Comoros", "capital": "Moroni", "code": "KM" },
  { "name": "Congo", "capital": "Brazzaville", "code": "CG" },
  { "name": "Costa Rica", "capital": "San José", "code": "CR" },
  { "name": "Croatia", "capital": "Zagreb", "code": "HR" },
  { "name": "Cuba", "capital": "Havana", "code": "CU" },
  { "name": "Cyprus", "capital": "Nicosia", "code": "CY" },
  { "name": "Czech Republic", "capital": "Prague", "code": "CZ" },

  { "name": "Denmark", "capital": "Copenhagen", "code": "DK" },
  { "name": "Djibouti", "capital": "Djibouti", "code": "DJ" },
  { "name": "Dominica", "capital": "Roseau", "code": "DM" },
  { "name": "Dominican Republic", "capital": "Santo Domingo", "code": "DO" },

  { "name": "Ecuador", "capital": "Quito", "code": "EC" },
  { "name": "Egypt", "capital": "Cairo", "code": "EG" },
  { "name": "El Salvador", "capital": "San Salvador", "code": "SV" },
  { "name": "Equatorial Guinea", "capital": "Malabo", "code": "GQ" },
  { "name": "Eritrea", "capital": "Asmara", "code": "ER" },
  { "name": "Estonia", "capital": "Tallinn", "code": "EE" },
  { "name": "Eswatini", "capital": "Mbabane", "code": "SZ" },
  { "name": "Ethiopia", "capital": "Addis Ababa", "code": "ET" },

  { "name": "Fiji", "capital": "Suva", "code": "FJ" },
  { "name": "Finland", "capital": "Helsinki", "code": "FI" },
  { "name": "France", "capital": "Paris", "code": "FR" },

  { "name": "Gabon", "capital": "Libreville", "code": "GA" },
  { "name": "Gambia", "capital": "Banjul", "code": "GM" },
  { "name": "Georgia", "capital": "Tbilisi", "code": "GE" },
  { "name": "Germany", "capital": "Berlin", "code": "DE" },
  { "name": "Ghana", "capital": "Accra", "code": "GH" },
  { "name": "Greece", "capital": "Athens", "code": "GR" },
  { "name": "Grenada", "capital": "St. George's", "code": "GD" },
  { "name": "Guatemala", "capital": "Guatemala City", "code": "GT" },
  { "name": "Guinea", "capital": "Conakry", "code": "GN" },
  { "name": "Guyana", "capital": "Georgetown", "code": "GY" },

  { "name": "Haiti", "capital": "Port-au-Prince", "code": "HT" },
  { "name": "Honduras", "capital": "Tegucigalpa", "code": "HN" },
  { "name": "Hungary", "capital": "Budapest", "code": "HU" },

  { "name": "Iceland", "capital": "Reykjavík", "code": "IS" },
  { "name": "India", "capital": "New Delhi", "code": "IN" },
  { "name": "Indonesia", "capital": "Jakarta", "code": "ID" },
  { "name": "Iran", "capital": "Tehran", "code": "IR" },
  { "name": "Iraq", "capital": "Baghdad", "code": "IQ" },
  { "name": "Ireland", "capital": "Dublin", "code": "IE" },
  { "name": "Israel", "capital": "Jerusalem", "code": "IL" },
  { "name": "Italy", "capital": "Rome", "code": "IT" },

  { "name": "Jamaica", "capital": "Kingston", "code": "JM" },
  { "name": "Japan", "capital": "Tokyo", "code": "JP" },
  { "name": "Jordan", "capital": "Amman", "code": "JO" },

  { "name": "Kazakhstan", "capital": "Astana", "code": "KZ" },
  { "name": "Kenya", "capital": "Nairobi", "code": "KE" },
  { "name": "Kuwait", "capital": "Kuwait City", "code": "KW" },

  { "name": "Laos", "capital": "Vientiane", "code": "LA" },
  { "name": "Latvia", "capital": "Riga", "code": "LV" },
  { "name": "Lebanon", "capital": "Beirut", "code": "LB" },
  { "name": "Lesotho", "capital": "Maseru", "code": "LS" },
  { "name": "Liberia", "capital": "Monrovia", "code": "LR" },
  { "name": "Libya", "capital": "Tripoli", "code": "LY" },
  { "name": "Lithuania", "capital": "Vilnius", "code": "LT" },
  { "name": "Luxembourg", "capital": "Luxembourg", "code": "LU" },

  { "name": "Madagascar", "capital": "Antananarivo", "code": "MG" },
  { "name": "Malaysia", "capital": "Kuala Lumpur", "code": "MY" },
  { "name": "Maldives", "capital": "Malé", "code": "MV" },
  { "name": "Mali", "capital": "Bamako", "code": "ML" },
  { "name": "Malta", "capital": "Valletta", "code": "MT" },
  { "name": "Mexico", "capital": "Mexico City", "code": "MX" },
  { "name": "Mongolia", "capital": "Ulaanbaatar", "code": "MN" },
  { "name": "Morocco", "capital": "Rabat", "code": "MA" },

  { "name": "Nepal", "capital": "Kathmandu", "code": "NP" },
  { "name": "Netherlands", "capital": "Amsterdam", "code": "NL" },
  { "name": "New Zealand", "capital": "Wellington", "code": "NZ" },
  { "name": "Nigeria", "capital": "Abuja", "code": "NG" },
  { "name": "North Korea", "capital": "Pyongyang", "code": "KP" },
  { "name": "Norway", "capital": "Oslo", "code": "NO" },

  { "name": "Oman", "capital": "Muscat", "code": "OM" },

  { "name": "Pakistan", "capital": "Islamabad", "code": "PK" },
  { "name": "Panama", "capital": "Panama City", "code": "PA" },
  { "name": "Paraguay", "capital": "Asunción", "code": "PY" },
  { "name": "Peru", "capital": "Lima", "code": "PE" },
  { "name": "Philippines", "capital": "Manila", "code": "PH" },
  { "name": "Poland", "capital": "Warsaw", "code": "PL" },
  { "name": "Portugal", "capital": "Lisbon", "code": "PT" },

  { "name": "Qatar", "capital": "Doha", "code": "QA" },

  { "name": "Romania", "capital": "Bucharest", "code": "RO" },
  { "name": "Russia", "capital": "Moscow", "code": "RU" },

  { "name": "Saudi Arabia", "capital": "Riyadh", "code": "SA" },
  { "name": "Senegal", "capital": "Dakar", "code": "SN" },
  { "name": "Serbia", "capital": "Belgrade", "code": "RS" },
  { "name": "Singapore", "capital": "Singapore", "code": "SG" },
  { "name": "Slovakia", "capital": "Bratislava", "code": "SK" },
  { "name": "Slovenia", "capital": "Ljubljana", "code": "SI" },
  { "name": "South Africa", "capital": "Pretoria", "code": "ZA" },
  { "name": "South Korea", "capital": "Seoul", "code": "KR" },
  { "name": "Spain", "capital": "Madrid", "code": "ES" },
  { "name": "Sri Lanka", "capital": "Colombo", "code": "LK" },
  { "name": "Sudan", "capital": "Khartoum", "code": "SD" },
  { "name": "Sweden", "capital": "Stockholm", "code": "SE" },
  { "name": "Switzerland", "capital": "Bern", "code": "CH" },

  { "name": "Thailand", "capital": "Bangkok", "code": "TH" },
  { "name": "Tunisia", "capital": "Tunis", "code": "TN" },
  { "name": "Turkey", "capital": "Ankara", "code": "TR" },

  { "name": "Ukraine", "capital": "Kyiv", "code": "UA" },
  { "name": "United Arab Emirates", "capital": "Abu Dhabi", "code": "AE" },
  { "name": "United Kingdom", "capital": "London", "code": "GB" },
  { "name": "United States", "capital": "Washington", "code": "US" },
  { "name": "Uruguay", "capital": "Montevideo", "code": "UY" },

  { "name": "Venezuela", "capital": "Caracas", "code": "VE" },
  { "name": "Vietnam", "capital": "Hanoi", "code": "VN" },

  { "name": "Yemen", "capital": "Sana'a", "code": "YE" },

  { "name": "Zambia", "capital": "Lusaka", "code": "ZM" },
  { "name": "Zimbabwe", "capital": "Harare", "code": "ZW" }
]
